Prediction,Area,Perimeter,Major_Axis_Length,Minor_Axis_Length,Eccentricity,Convex_Area,Extent,Prob_0,Prob_1
0,12667.727559055118,1126794067.0586987,54492113283.90628,2337120847.6797004,0.8868547417154956,12951.602678571428,0.6618984437545913,0.67,0.33
0,12667.717559055118,1126794067.0586987,54492113283.90628,2337120847.6797004,0.8868547417154956,12951.602678571428,0.6618984437545913,0.67,0.33
